Workbook

Sheet Data
A1: date | B1: childAsin | C1: unitsOrdered | D1: orderedProductSales | E1: unitSessionPercentage
A2: 46145 | B2: B00CO00Y32 | C2: 77 | D2: 1226.83 | E2: 88.51
A3: 46146 | B3: B00CO00Y32 | C3: 78 | D3: 1237.84 | E3: 0
A4: 46147 | B4: B00CO00Y32 | C4: 100 | D4: 1575.67 | E4: 107.53
A5: 46148 | B5: B00CO00Y32 | C5: 53 | D5: 1058.27 | E5: 0
A6: 46149 | B6: B00CO00Y32 | C6: 65 | D6: 1298.14 | E6: 0
A7: 46150 | B7: B00CO00Y32 | C7: 47 | D7: 937.04 | E7: 92.16
A8: 46151 | B8: B00CO00Y32 | C8: 37 | D8: 739.62 | E8: 67.27

Sheet Rapport
C1: Datum (Column A) | D1: 46145 | E1: 46146 | F1: 46147 | G1: 46148 | H1: 46149 | I1: 46150 | J1: 46151
A2: ASin | B2: B00CO00Y32
A3: C40 | B3: Sales # | C3: Column D | D3: =SUMIFS(Data!$C:$C,Data!$A:$A,D$1,Data!$B:$B,$B$2) -> 77 | E3: =SUMIFS(Data!$C:$C,Data!$A:$A,E$1,Data!$B:$B,$B$2) -> 78 | F3: =SUMIFS(Data!$C:$C,Data!$A:$A,F$1,Data!$B:$B,$B$2) -> 100 | G3: =SUMIFS(Data!$C:$C,Data!$A:$A,G$1,Data!$B:$B,$B$2) -> 53 | H3: =SUMIFS(Data!$C:$C,Data!$A:$A,H$1,Data!$B:$B,$B$2) -> 65 | I3: =SUMIFS(Data!$C:$C,Data!$A:$A,I$1,Data!$B:$B,$B$2) -> 47 | J3: =SUMIFS(Data!$C:$C,Data!$A:$A,J$1,Data!$B:$B,$B$2) -> 37
B4: Sales £ | C4: Column F | D4: =SUMIFS(Data!$D:$D,Data!$A:$A,D$1,Data!$B:$B,$B$2) -> 1226.83 | E4: =SUMIFS(Data!$D:$D,Data!$A:$A,E$1,Data!$B:$B,$B$2) -> 1237.84 | F4: =SUMIFS(Data!$D:$D,Data!$A:$A,F$1,Data!$B:$B,$B$2) -> 1575.67 | G4: =SUMIFS(Data!$D:$D,Data!$A:$A,G$1,Data!$B:$B,$B$2) -> 1058.27 | H4: =SUMIFS(Data!$D:$D,Data!$A:$A,H$1,Data!$B:$B,$B$2) -> 1298.14 | I4: =SUMIFS(Data!$D:$D,Data!$A:$A,I$1,Data!$B:$B,$B$2) -> 937.04 | J4: =SUMIFS(Data!$D:$D,Data!$A:$A,J$1,Data!$B:$B,$B$2) -> 739.62
B5: Avg. RSP (gross) | D5: =IF(D3=0,0,D4/D3) -> 15.932857 | E5: =IF(E3=0,0,E4/E3) -> 15.869744 | F5: =IF(F3=0,0,F4/F3) -> 15.7567 | G5: =IF(G3=0,0,G4/G3) -> 19.967358 | H5: =IF(H3=0,0,H4/H3) -> 19.971385 | I5: =IF(I3=0,0,I4/I3) -> 19.937021 | J5: =IF(J3=0,0,J4/J3) -> 19.98973
B6: Avg. RSP (net) | D6: =D5/(1+$C$17) -> 13.277381 | E6: =E5/(1+$C$17) -> 13.224786 | F6: =F5/(1+$C$17) -> 13.130583 | G6: =G5/(1+$C$17) -> 16.639465 | H6: =H5/(1+$C$17) -> 16.642821 | I6: =I5/(1+$C$17) -> 16.614184 | J6: =J5/(1+$C$17) -> 16.658108
B7: Commission + AdFee | D7: =$C$18*D5 -> 2.4377271 | E7: =$C$18*E5 -> 2.4280708 | F7: =$C$18*F5 -> 2.4107751 | G7: =$C$18*G5 -> 3.0550058 | H7: =$C$18*H5 -> 3.0556218 | I7: =$C$18*I5 -> 3.0503643 | J7: =$C$18*J5 -> 3.0584286
B8: FBA | D8: =$C$19 -> 2.42 | E8: =$C$19 -> 2.42 | F8: =$C$19 -> 2.42 | G8: =$C$19 -> 2.42 | H8: =$C$19 -> 2.42 | I8: =$C$19 -> 2.42 | J8: =$C$19 -> 2.42
B9: COGS | D9: =$C$20 -> 3.96 | E9: =$C$20 -> 3.96 | F9: =$C$20 -> 3.96 | G9: =$C$20 -> 3.96 | H9: =$C$20 -> 3.96 | I9: =$C$20 -> 3.96 | J9: =$C$20 -> 3.96
B10: Margin (%) | D10: =IF(D6=0,0,D11/D6) -> 0.33588355 | E10: =IF(E6=0,0,E11/E6) -> 0.33397255 | F10: =IF(F6=0,0,F11/F6) -> 0.33051146 | G10: =IF(G6=0,0,G11/G6) -> 0.43297422 | H10: =IF(H6=0,0,H11/H6) -> 0.43305152 | I10: =IF(I6=0,0,I11/I6) -> 0.43239078 | J10: =IF(J6=0,0,J11/J6) -> 0.43340333
B11: Margin (abs) | D11: =D6-D7-D8-D9 -> 4.4596538 | E11: =E6-E7-E8-E9 -> 4.4167156 | F11: =F6-F7-F8-F9 -> 4.3398082 | G11: =G6-G7-G8-G9 -> 7.2044596 | H11: =H6-H7-H8-H9 -> 7.2071987 | I11: =I6-I7-I8-I9 -> 7.1838201 | J11: =J6-J7-J8-J9 -> 7.2196795
B12: Margin Tot. (abs) | D12: =D11*D3 -> 343.39334 | E12: =E11*E3 -> 344.50381 | F12: =F11*F3 -> 433.98082 | G12: =G11*G3 -> 381.83636 | H12: =H11*H3 -> 468.46791 | I12: =I11*I3 -> 337.63955 | J12: =J11*J3 -> 267.12814
B13: Margin Net. (abs)
B14: CVR | C14: Column AF | D14: =SUMIFS(Data!$E:$E,Data!$A:$A,D$1,Data!$B:$B,$B$2) -> 88.51 | E14: =SUMIFS(Data!$E:$E,Data!$A:$A,E$1,Data!$B:$B,$B$2) -> 0 | F14: =SUMIFS(Data!$E:$E,Data!$A:$A,F$1,Data!$B:$B,$B$2) -> 107.53 | G14: =SUMIFS(Data!$E:$E,Data!$A:$A,G$1,Data!$B:$B,$B$2) -> 0 | H14: =SUMIFS(Data!$E:$E,Data!$A:$A,H$1,Data!$B:$B,$B$2) -> 0 | I14: =SUMIFS(Data!$E:$E,Data!$A:$A,I$1,Data!$B:$B,$B$2) -> 92.16 | J14: =SUMIFS(Data!$E:$E,Data!$A:$A,J$1,Data!$B:$B,$B$2) -> 67.27
B16: Aannames
B17: BTW | C17: 0.2
B18: Commission + AdFee % | C18: 0.153
B19: FBA (£/stuk) | C19: 2.42
B20: COGS (£/stuk) | C20: 3.96
