Workbook

Sheet Data
A1: date | B1: childAsin | C1: unitsOrdered | D1: orderedProductSales | E1: unitSessionPercentage
A2: 46145 | B2: B00CO00Y32 | C2: 77 | D2: 1226.83 | E2: 88.51
A3: 46146 | B3: B00CO00Y32 | C3: 78 | D3: 1237.84 | E3: 0
A4: 46147 | B4: B00CO00Y32 | C4: 100 | D4: 1575.67 | E4: 107.53
A5: 46148 | B5: B00CO00Y32 | C5: 53 | D5: 1058.27 | E5: 0
A6: 46149 | B6: B00CO00Y32 | C6: 65 | D6: 1298.14 | E6: 0
A7: 46150 | B7: B00CO00Y32 | C7: 47 | D7: 937.04 | E7: 92.16
A8: 46151 | B8: B00CO00Y32 | C8: 37 | D8: 739.62 | E8: 67.27
A9: 46153 | B9: B00CO00Y32 | C9: 60 | D9: 1199.26 | E9: 78.95
A10: 46154 | B10: B00CO00Y32 | C10: 86 | D10: 1531.14 | E10: 0
A11: 46155 | B11: B00CO00Y32 | C11: 101 | D11: 1611.87 | E11: 118.82
A12: 46156 | B12: B00CO00Y32 | C12: 95 | D12: 1523.74 | E12: 120.25
A13: 46157 | B13: B00CO00Y32 | C13: 107 | D13: 1705.29 | E13: 104.9
... A20: 46201 | B20: B00CO00Y32 | C20: 47 | D20: 747.4 | E20: 0

Sheet Rapport
C1: Datum (Column A) | D1: 46145 | E1: 46146 | F1: 46147 | G1: 46148 | H1: 46149 | I1: 46150 | J1: 46151 | K1: 46153 | L1: 46154 | M1: 46155 | N1: 46156 | O1: 46157 | P1: 46158 | Q1: 46159 | R1: 46160 | S1: 46161 | T1: 46162 | U1: 46163 | V1: 46201
A2: ASin | B2: B00CO00Y32
A3: C40 | B3: Sales # | C3: Column D | D3: =SUMIFS(Data!$C:$C,Data!$A:$A,D$1,Data!$B:$B,$B$2) | E3: =SUMIFS(Data!$C:$C,Data!$A:$A,E$1,Data!$B:$B,$B$2) | F3: =SUMIFS(Data!$C:$C,Data!$A:$A,F$1,Data!$B:$B,$B$2) | G3: =SUMIFS(Data!$C:$C,Data!$A:$A,G$1,Data!$B:$B,$B$2) | H3: =SUMIFS(Data!$C:$C,Data!$A:$A,H$1,Data!$B:$B,$B$2) | I3: =SUMIFS(Data!$C:$C,Data!$A:$A,I$1,Data!$B:$B,$B$2) | J3: =SUMIFS(Data!$C:$C,Data!$A:$A,J$1,Data!$B:$B,$B$2) | K3: =SUMIFS(Data!$C:$C,Data!$A:$A,K$1,Data!$B:$B,$B$2) | ... V3: =SUMIFS(Data!$C:$C,Data!$A:$A,V$1,Data!$B:$B,$B$2)
B4: Sales £ | C4: Column F | D4: =SUMIFS(Data!$D:$D,Data!$A:$A,D$1,Data!$B:$B,$B$2) | E4: =SUMIFS(Data!$D:$D,Data!$A:$A,E$1,Data!$B:$B,$B$2) | F4: =SUMIFS(Data!$D:$D,Data!$A:$A,F$1,Data!$B:$B,$B$2) | G4: =SUMIFS(Data!$D:$D,Data!$A:$A,G$1,Data!$B:$B,$B$2) | H4: =SUMIFS(Data!$D:$D,Data!$A:$A,H$1,Data!$B:$B,$B$2) | I4: =SUMIFS(Data!$D:$D,Data!$A:$A,I$1,Data!$B:$B,$B$2) | J4: =SUMIFS(Data!$D:$D,Data!$A:$A,J$1,Data!$B:$B,$B$2) | K4: =SUMIFS(Data!$D:$D,Data!$A:$A,K$1,Data!$B:$B,$B$2) | ... V4: =SUMIFS(Data!$D:$D,Data!$A:$A,V$1,Data!$B:$B,$B$2)
B5: Avg. RSP (gross) | D5: =IF(D3=0,0,D4/D3) | E5: =IF(E3=0,0,E4/E3) | F5: =IF(F3=0,0,F4/F3) | G5: =IF(G3=0,0,G4/G3) | H5: =IF(H3=0,0,H4/H3) | I5: =IF(I3=0,0,I4/I3) | J5: =IF(J3=0,0,J4/J3) | K5: =IF(K3=0,0,K4/K3) | ... V5: =IF(V3=0,0,V4/V3)
B6: Avg. RSP (net) | D6: =D5/(1+$C$17) | E6: =E5/(1+$C$17) | F6: =F5/(1+$C$17) | G6: =G5/(1+$C$17) | H6: =H5/(1+$C$17) | I6: =I5/(1+$C$17) | J6: =J5/(1+$C$17) | K6: =K5/(1+$C$17) | ... V6: =V5/(1+$C$17)
B7: Commission + AdFee | D7: =$C$18*D5 | E7: =$C$18*E5 | F7: =$C$18*F5 | G7: =$C$18*G5 | H7: =$C$18*H5 | I7: =$C$18*I5 | J7: =$C$18*J5 | K7: =$C$18*K5 | ... V7: =$C$18*V5
B8: FBA | D8: =$C$19 | E8: =$C$19 | F8: =$C$19 | G8: =$C$19 | H8: =$C$19 | I8: =$C$19 | J8: =$C$19 | K8: =$C$19 | ... V8: =$C$19
B9: COGS | D9: =$C$20 | E9: =$C$20 | F9: =$C$20 | G9: =$C$20 | H9: =$C$20 | I9: =$C$20 | J9: =$C$20 | K9: =$C$20 | ... V9: =$C$20
B10: Margin (%) | D10: =IF(D6=0,0,D11/D6) | E10: =IF(E6=0,0,E11/E6) | F10: =IF(F6=0,0,F11/F6) | G10: =IF(G6=0,0,G11/G6) | H10: =IF(H6=0,0,H11/H6) | I10: =IF(I6=0,0,I11/I6) | J10: =IF(J6=0,0,J11/J6) | K10: =IF(K6=0,0,K11/K6) | ... V10: =IF(V6=0,0,V11/V6)
B11: Margin (abs) | D11: =D6-D7-D8-D9 | E11: =E6-E7-E8-E9 | F11: =F6-F7-F8-F9 | G11: =G6-G7-G8-G9 | H11: =H6-H7-H8-H9 | I11: =I6-I7-I8-I9 | J11: =J6-J7-J8-J9 | K11: =K6-K7-K8-K9 | ... V11: =V6-V7-V8-V9
B12: Margin Tot. (abs) | D12: =D11*D3 | E12: =E11*E3 | F12: =F11*F3 | G12: =G11*G3 | H12: =H11*H3 | I12: =I11*I3 | J12: =J11*J3 | K12: =K11*K3 | ... V12: =V11*V3
B13: Margin Net. (abs)
B14: CVR | C14: Column AF | D14: =SUMIFS(Data!$E:$E,Data!$A:$A,D$1,Data!$B:$B,$B$2) | E14: =SUMIFS(Data!$E:$E,Data!$A:$A,E$1,Data!$B:$B,$B$2) | F14: =SUMIFS(Data!$E:$E,Data!$A:$A,F$1,Data!$B:$B,$B$2) | G14: =SUMIFS(Data!$E:$E,Data!$A:$A,G$1,Data!$B:$B,$B$2) | H14: =SUMIFS(Data!$E:$E,Data!$A:$A,H$1,Data!$B:$B,$B$2) | I14: =SUMIFS(Data!$E:$E,Data!$A:$A,I$1,Data!$B:$B,$B$2) | J14: =SUMIFS(Data!$E:$E,Data!$A:$A,J$1,Data!$B:$B,$B$2) | K14: =SUMIFS(Data!$E:$E,Data!$A:$A,K$1,Data!$B:$B,$B$2) | ... V14: =SUMIFS(Data!$E:$E,Data!$A:$A,V$1,Data!$B:$B,$B$2)
B16: Aannames
B17: BTW | C17: 0.2
B18: Commission + AdFee % | C18: 0.153
B19: FBA (£/stuk) | C19: 2.42
B20: COGS (£/stuk) | C20: 3.96
